label,softmax_score
25,0.9861838221549988
10,0.9595106244087219
42,0.9898864030838013
17,0.9442611932754517
11,0.9735997915267944
2,0.9539215564727783
47,0.9941364526748657
13,0.9938430786132812
19,0.9881722331047058
60,0.9915463328361511
54,0.9839267134666443
63,0.984038770198822
47,0.9935505390167236
10,0.8975111842155457
62,0.9884474873542786
22,0.9846521615982056
18,0.9731566309928894
53,0.9854414463043213
15,0.9915677905082703
17,0.9460686445236206
40,0.9864376783370972
57,0.9935818910598755
24,0.9647742509841919
7,0.9909352660179138
63,0.9845151901245117
6,0.9021875262260437
63,0.9867836236953735
5,0.9905333518981934
60,0.9724053144454956
41,0.9534786343574524
23,0.9908902049064636
16,0.9836924076080322
21,0.979560911655426
35,0.9860262870788574
1,0.9330044984817505
26,0.9902949333190918
54,0.9612652659416199
8,0.9898147583007812
33,0.9927862286567688
45,0.9845396876335144
1,0.8853926062583923
29,0.9838347434997559
48,0.9812459945678711
62,0.9819867610931396
0,0.9450641870498657
29,0.9700971841812134
2,0.9510805010795593
45,0.9799225330352783
0,0.9743629097938538
56,0.9904425740242004
49,0.9580039381980896
22,0.9840132594108582
61,0.9579169154167175
49,0.9710449576377869
45,0.9779117107391357
10,0.9714891910552979
0,0.9817627668380737
38,0.980616569519043
44,0.9900720119476318
21,0.9601266980171204
63,0.9862421751022339
9,0.988552451133728
48,0.9861577749252319
49,0.9705451130867004
21,0.9848048686981201
37,0.9743013381958008
40,0.9911962747573853
16,0.9914733171463013
13,0.988355278968811
11,0.980659544467926
59,0.9933538436889648
51,0.9517215490341187
12,0.9862076044082642
58,0.9777621626853943
32,0.9916444420814514
43,0.990995466709137
43,0.9902245402336121
32,0.9907293915748596
46,0.9925867915153503
25,0.9894399046897888
4,0.9095202684402466
44,0.9906580448150635
57,0.9917054176330566
44,0.991668701171875
47,0.9950167536735535
18,0.9738097190856934
4,0.9371394515037537
26,0.9895526766777039
16,0.9839230179786682
39,0.9848636984825134
5,0.989642322063446
20,0.8661538362503052
31,0.9887326955795288
35,0.9874130487442017
12,0.9874194264411926
5,0.9859360456466675
45,0.9876960515975952
54,0.9882264733314514
59,0.9855962991714478
11,0.9626888632774353
21,0.9793252348899841
38,0.9813693761825562
9,0.982377290725708
12,0.9341117143630981
34,0.9791279435157776
12,0.9902411699295044
42,0.9931309819221497
27,0.9915481209754944
24,0.9868773818016052
63,0.9890154004096985
16,0.9904217720031738
26,0.9915271401405334
20,0.9717534184455872
28,0.9836332201957703
57,0.9834995269775391
39,0.9841845035552979
37,0.9858936071395874
28,0.9656155109405518
22,0.9800488948822021
45,0.9886823892593384
55,0.9889049530029297
4,0.9400392174720764
16,0.9913152456283569
19,0.9887920022010803
53,0.9924401044845581
10,0.9808727502822876
22,0.9816908240318298
35,0.9869853854179382
10,0.9788280129432678
7,0.9528769254684448
10,0.9892817735671997
34,0.988149106502533
1,0.940718948841095
29,0.9833872318267822
57,0.9811000823974609
41,0.9777477979660034
3,0.9905923008918762
31,0.9175518751144409
17,0.7600995302200317
46,0.9437882304191589
39,0.9860565662384033
7,0.9907551407814026
24,0.9859976768493652
18,0.9617751836776733
40,0.9882993698120117
2,0.9603284001350403
35,0.9845758676528931
35,0.9858716130256653
31,0.987593948841095
12,0.9629489183425903
10,0.9488324522972107
58,0.9757188558578491
34,0.9854577779769897
59,0.9934664368629456
50,0.9881060123443604
5,0.9898674488067627
43,0.9848361611366272
41,0.9737405180931091
62,0.9812753796577454
51,0.9514170289039612
61,0.9748451709747314
46,0.9913342595100403
47,0.9964309930801392
0,0.9832621812820435
63,0.9878467917442322
1,0.9600142240524292
24,0.9784391522407532
20,0.9744418263435364
55,0.9954676628112793
40,0.9919114708900452
43,0.9912050366401672
58,0.9782800674438477
0,0.9744791388511658
14,0.9885530471801758
38,0.9851621985435486
39,0.9817776679992676
5,0.9883766770362854
49,0.9912837743759155
25,0.9893730282783508
5,0.987940788269043
27,0.9919525980949402
29,0.9700087904930115
56,0.9911026954650879
10,0.9868054389953613
50,0.9837379455566406
61,0.9842915534973145
36,0.9924546480178833
15,0.9761828780174255
58,0.9812208414077759
50,0.9874565005302429
40,0.9540241956710815
53,0.9878295660018921
38,0.9807378649711609
36,0.9889577031135559
54,0.9891538023948669
21,0.9750287532806396
16,0.9802840352058411
22,0.9808715581893921
51,0.9722753763198853
19,0.988885760307312
29,0.9830101728439331
31,0.9887245297431946
61,0.9692782759666443
18,0.9724359512329102
1,0.8661266565322876
40,0.9894281029701233
29,0.9847721457481384
14,0.9896923899650574
12,0.9815011620521545
47,0.9841720461845398
26,0.991676926612854
10,0.9871030449867249
55,0.987068772315979
23,0.9884799122810364
11,0.9802901148796082
40,0.9666457772254944
27,0.9928030371665955
34,0.9865813255310059
3,0.9869638085365295
17,0.8196380734443665
47,0.9919065237045288
2,0.9493761658668518
53,0.9934784173965454
23,0.9864474534988403
60,0.9829808473587036
7,0.9850659370422363
12,0.9754440188407898
19,0.9876898527145386
52,0.9898052215576172
15,0.9862787127494812
30,0.9782237410545349
17,0.9596434235572815
20,0.9645843505859375
43,0.9911722540855408
61,0.943994402885437
25,0.9908135533332825
55,0.9961316585540771
60,0.9879434704780579
9,0.9830771088600159
59,0.9936602711677551
61,0.9773781299591064
29,0.9810097813606262
22,0.9853201508522034
20,0.9762252569198608
60,0.9910549521446228
37,0.9904487729072571
54,0.9895370006561279
61,0.979512095451355
13,0.9861615896224976
14,0.9920029640197754
63,0.943287193775177
51,0.9867881536483765
44,0.9913679957389832
19,0.9888243079185486
23,0.9866891503334045
46,0.9747973680496216
63,0.9815993905067444
61,0.971670925617218
56,0.9898756146430969
57,0.9894925355911255
61,0.9788405895233154
28,0.9905926585197449
24,0.9692043662071228
8,0.9779543876647949
37,0.9850742816925049
10,0.987345278263092
19,0.8696171641349792
51,0.9853376746177673
15,0.991097092628479
62,0.9798148274421692
18,0.8650960326194763
32,0.9877911806106567
26,0.9934772253036499
18,0.9582300186157227
23,0.975977897644043
2,0.9307824373245239
54,0.9903222918510437
49,0.9872007369995117
26,0.992315411567688
20,0.9729574918746948
11,0.9803904294967651
53,0.9934757351875305
0,0.9747978448867798
0,0.9812875390052795
17,0.9554425477981567
3,0.9912193417549133
26,0.9927008152008057
15,0.9902999401092529
11,0.9824908375740051
21,0.9887239933013916
12,0.9552148580551147
32,0.9916409254074097
38,0.9733172655105591
42,0.9925219416618347
4,0.9539517164230347
24,0.9819163680076599
1,0.5355392694473267
63,0.9847507476806641
15,0.9903234243392944
6,0.9850747585296631
19,0.9818581342697144
54,0.984592616558075
52,0.9846715331077576
0,0.9419383406639099
43,0.9911764860153198
45,0.982515811920166
1,0.6972302794456482
61,0.9737038016319275
15,0.9904218912124634
2,0.9664212465286255
44,0.9914690852165222
39,0.9824202060699463
34,0.9764353632926941
63,0.9571457505226135
31,0.9888883233070374
7,0.9808216691017151
41,0.9641194939613342
36,0.9769683480262756
23,0.9837046265602112
54,0.9831043481826782
31,0.988288402557373
8,0.992911159992218
58,0.9757830500602722
15,0.9863684773445129
50,0.9784678220748901
30,0.9849721789360046
8,0.9924295544624329
29,0.9819639921188354
9,0.9912176728248596
20,0.9753423929214478
22,0.6892016530036926
57,0.9925234913825989
12,0.9847958087921143
3,0.9932535290718079
36,0.9888818860054016
61,0.9693903923034668
38,0.983315646648407
54,0.985836386680603
63,0.9663146138191223
24,0.9877693057060242
11,0.9737045764923096
32,0.9901097416877747
55,0.9960506558418274
47,0.9937800765037537
53,0.9904102087020874
23,0.9897704124450684
12,0.9844633340835571
5,0.9896404147148132
3,0.9921274185180664
38,0.9857546091079712
31,0.9877795577049255
30,0.978123128414154
17,0.9453338384628296
4,0.9102950096130371
18,0.9775435328483582
0,0.9491336941719055
40,0.9889619946479797
35,0.9650638103485107
9,0.9925002455711365
5,0.9871599674224854
2,0.9647226929664612
52,0.9798190593719482
38,0.988605797290802
9,0.9842961430549622
19,0.9892949461936951
19,0.9893787503242493
41,0.9489022493362427
19,0.9818177819252014
23,0.9911401867866516
49,0.9885056018829346
41,0.9704996943473816
56,0.9899824261665344
46,0.9925663471221924
1,0.9363951683044434
20,0.9772915244102478
38,0.9756649136543274
14,0.9880098700523376
24,0.9849073886871338
41,0.9678955078125
45,0.9849676489830017
40,0.9907737374305725
14,0.978559136390686
48,0.9885247349739075
34,0.9885208606719971
35,0.986677885055542
62,0.9856939315795898
45,0.987989068031311
1,0.9156884551048279
52,0.986116349697113
39,0.9868915677070618
16,0.9871883392333984
57,0.9924790859222412
32,0.9836799502372742
26,0.9769226312637329
63,0.9266579151153564
46,0.9900040030479431
38,0.9858847260475159
35,0.9848883152008057
61,0.9780356884002686
45,0.9668516516685486
21,0.9579475522041321
5,0.9891960620880127
6,0.9856352806091309
55,0.9901511669158936
23,0.9913021326065063
9,0.9943108558654785
28,0.9911881685256958
2,0.6461408138275146
17,0.8960418105125427
39,0.9900051951408386
14,0.9889726042747498
13,0.9829287528991699
10,0.9904272556304932
60,0.9883628487586975
51,0.9732138514518738
62,0.9769420027732849
5,0.9889340996742249
60,0.9908486604690552
1,0.91788250207901
48,0.9730061292648315
62,0.9800695180892944
13,0.9839653968811035
7,0.9913437366485596
60,0.9895673394203186
20,0.9547802805900574
52,0.9818466305732727
49,0.9926003813743591
54,0.9763942360877991
29,0.9809082746505737
10,0.9903008937835693
20,0.9626449942588806
11,0.9812198877334595
24,0.981947660446167
21,0.9826615452766418
22,0.9863156676292419
55,0.9929019808769226
33,0.9867050051689148
30,0.9799968004226685
58,0.9817529916763306
26,0.9929916858673096
2,0.9652934670448303
32,0.9866142868995667
5,0.9894850850105286
59,0.989943265914917
56,0.985858142375946
29,0.9417423009872437
8,0.9893743395805359
35,0.9869816899299622
9,0.9922810196876526
7,0.9544858932495117
63,0.9890360236167908
4,0.7570910453796387
46,0.9902483820915222
41,0.962700366973877
15,0.9892429113388062
60,0.9922701120376587
45,0.7812123894691467
63,0.9738735556602478
44,0.9896104335784912
0,0.9671398997306824
32,0.9903393387794495
57,0.990990400314331
44,0.9891043901443481
11,0.9743186831474304
36,0.9914875030517578
19,0.9825776219367981
14,0.9915184378623962
26,0.9921140670776367
26,0.9930612444877625
34,0.9911888837814331
51,0.9836756587028503
61,0.9664816856384277
16,0.9838592410087585
22,0.9760929346084595
18,0.8772695660591125
62,0.9609607458114624
9,0.9845236539840698
56,0.9777100086212158
30,0.9840393662452698
31,0.9885801672935486
61,0.9849079847335815
16,0.9905871748924255
28,0.9897984266281128
11,0.9808220267295837
24,0.9883909225463867
17,0.952366292476654
42,0.9850416779518127
17,0.8832787871360779
17,0.9120725989341736
47,0.9962016940116882
61,0.9808487892150879
59,0.9886383414268494
21,0.9889551997184753
5,0.9894549250602722
43,0.9874704480171204
21,0.9891614317893982
8,0.9904449582099915
5,0.9869632124900818
41,0.9789961576461792
39,0.9815167188644409
18,0.9751346111297607
27,0.9921855330467224
33,0.991485059261322
7,0.9897388815879822
10,0.9863409399986267
19,0.9871543645858765
58,0.9814692735671997
11,0.9822890758514404
48,0.9820666313171387
37,0.9890896677970886
5,0.9907423853874207
17,0.94772869348526
49,0.9921360015869141
56,0.9917023777961731
18,0.9842039942741394
59,0.9934675097465515
9,0.9240899682044983
59,0.9934741854667664
25,0.990698516368866
8,0.9863407611846924
18,0.9702418446540833
50,0.9770808219909668
3,0.9926139116287231
5,0.989667534828186
7,0.9911166429519653
8,0.9921056032180786
42,0.9912028312683105
28,0.9912064671516418
63,0.958533763885498
54,0.9905865788459778
39,0.9842836856842041
61,0.9822539687156677
10,0.9889985918998718
45,0.902459442615509
8,0.9887098670005798
20,0.9699025750160217
42,0.9908402562141418
17,0.9450829029083252
55,0.9922182559967041
62,0.9886217713356018
62,0.9853081107139587
56,0.9862728714942932
61,0.9712414145469666
3,0.9924335479736328
44,0.991428554058075
40,0.9862437844276428
8,0.986562192440033
6,0.9539749622344971
55,0.9846386313438416
4,0.9030149579048157
61,0.9806550741195679
21,0.9340839385986328
56,0.9902702569961548
29,0.9680320024490356
15,0.9878035187721252
3,0.9900953769683838
56,0.9759485721588135
25,0.9881678223609924
9,0.972225546836853
14,0.993736743927002
21,0.7302409410476685
47,0.9855706691741943
37,0.9884379506111145
36,0.9869844913482666
35,0.9765819907188416
13,0.9916942715644836
14,0.98825603723526
30,0.9712162017822266
26,0.9887558817863464
35,0.9856780171394348
8,0.9895506501197815
59,0.9930522441864014
25,0.9882267117500305
48,0.9883993864059448
5,0.9855731129646301
35,0.9868944883346558
14,0.9904431700706482
32,0.9825138449668884
27,0.9905834197998047
25,0.9781526923179626
0,0.9466172456741333
13,0.98594069480896
44,0.9910032749176025
44,0.990199863910675
42,0.9737905859947205
16,0.9908945560455322
32,0.9917445778846741
41,0.9693519473075867
15,0.9749300479888916
36,0.9886131286621094
2,0.968696117401123
2,0.9531852602958679
14,0.9901518225669861
38,0.9822011590003967
54,0.9919290542602539
50,0.9837473034858704
60,0.9804854393005371
40,0.9910709857940674
8,0.9866700768470764
44,0.9902751445770264
4,0.8293006420135498
14,0.9916588664054871
60,0.992751955986023
34,0.9861848950386047
63,0.9874715209007263
40,0.9922257661819458
18,0.9307093620300293
55,0.9961633682250977
38,0.9203191995620728
5,0.9881089329719543
40,0.9892246127128601
14,0.9864940643310547
31,0.9890691637992859
7,0.985887348651886
38,0.9846650958061218
48,0.9884257316589355
8,0.9906445741653442
33,0.9888120889663696
36,0.9922823309898376
6,0.9851545691490173
50,0.984154462814331
54,0.9910457730293274
59,0.993160605430603
8,0.9945583343505859
44,0.991772472858429
13,0.9905940294265747
7,0.9879124760627747
42,0.9853158593177795
9,0.9755111932754517
47,0.9960801005363464
63,0.985069215297699
36,0.9920914173126221
38,0.9681525230407715
17,0.9505209922790527
60,0.929970383644104
62,0.9887298941612244
13,0.9902835488319397
33,0.9923508763313293
49,0.9927099943161011
5,0.9887633323669434
55,0.9921934604644775
35,0.9872328042984009
8,0.9933751225471497
14,0.9927813410758972
32,0.9898911714553833
10,0.9825935959815979
20,0.9735280871391296
60,0.9924473762512207
3,0.9888197779655457
51,0.9607441425323486
13,0.9922425746917725
35,0.8929314613342285
61,0.9815443754196167
53,0.9934131503105164
16,0.9881243109703064
63,0.9853009581565857
42,0.9893956780433655
60,0.9915297031402588
9,0.9949861764907837
31,0.9881471991539001
31,0.988469660282135
51,0.9812940359115601
3,0.9920435547828674
43,0.9869539141654968
9,0.9805999398231506
36,0.9886638522148132
32,0.9869750738143921
22,0.9824152588844299
27,0.9923399686813354
55,0.9872020483016968
45,0.9641844034194946
36,0.9776405692100525
43,0.9903180599212646
31,0.984680712223053
46,0.9706032276153564
4,0.7556158304214478
14,0.9854143857955933
53,0.9902558922767639
3,0.9917052984237671
62,0.9868496656417847
16,0.989532470703125
57,0.9931318163871765
7,0.9861771464347839
53,0.9921351671218872
1,0.9395847320556641
50,0.9843096733093262
8,0.9863134622573853
35,0.9861641526222229
49,0.9834117889404297
56,0.9859392642974854
30,0.980301558971405
47,0.9895805716514587
60,0.9775375127792358
12,0.9815596342086792
12,0.9886904954910278
24,0.9875471591949463
5,0.9691039323806763
49,0.9712746739387512
51,0.9814718961715698
1,0.9360027313232422
10,0.9337249994277954
50,0.985795259475708
7,0.99008709192276
36,0.9912978410720825
14,0.992258608341217
18,0.9704648852348328
7,0.9879599809646606
10,0.9162167906761169
49,0.9915881752967834
36,0.9925470948219299
29,0.9795945286750793
54,0.9890260100364685
54,0.9908926486968994
31,0.9872243404388428
13,0.9773130416870117
16,0.9879344701766968
9,0.988372266292572
34,0.9912034273147583
20,0.9757245182991028
40,0.9881988763809204
22,0.9858415722846985
22,0.9864999651908875
40,0.9917069673538208
31,0.9879825115203857
60,0.9835752248764038
55,0.9938071370124817
56,0.9905648231506348
45,0.9761340618133545
34,0.9757859110832214
47,0.9836152195930481
6,0.9724058508872986
30,0.9577827453613281
28,0.9781832695007324
16,0.9852485060691833
58,0.9784972667694092
38,0.9758358597755432
9,0.9041926860809326
13,0.9600865244865417
56,0.9534266591072083
43,0.9850001335144043
23,0.9892866015434265
28,0.9910222291946411
58,0.982288122177124
2,0.9022901654243469
40,0.9921220541000366
21,0.9869868159294128
43,0.9894283413887024
5,0.9900134801864624
0,0.9704980850219727
60,0.9837197065353394
62,0.9837108254432678
48,0.9853362441062927
16,0.9800038933753967
18,0.9766284823417664
59,0.9887400269508362
21,0.9716775417327881
34,0.9795233011245728
12,0.9874476790428162
3,0.9401946067810059
48,0.9846513271331787
8,0.9622775316238403
59,0.9935922026634216
29,0.9681903123855591
13,0.9864727258682251
14,0.9904274940490723
3,0.9927378296852112
53,0.99305659532547
10,0.9048480987548828
20,0.9555091857910156
1,0.9373840093612671
15,0.9907650947570801
56,0.9907827973365784
50,0.9712017178535461
61,0.9812568426132202
34,0.9915566444396973
16,0.9914448857307434
41,0.9678450226783752
58,0.9774471521377563
27,0.9927923679351807
31,0.9871355891227722
19,0.9864142537117004
61,0.9846670627593994
53,0.9709472060203552
14,0.9884982705116272
25,0.9906235337257385
11,0.9748616218566895
28,0.9847666621208191
31,0.987470805644989
48,0.986960768699646
7,0.9847210049629211
38,0.9713829755783081
58,0.9700332283973694
35,0.9856383204460144
62,0.9875453114509583
56,0.9901711344718933
39,0.8811832666397095
39,0.9837379455566406
45,0.9344655871391296
53,0.9909771680831909
49,0.9890269637107849
28,0.9922927618026733
10,0.9891736507415771
52,0.9922074675559998
11,0.9803169965744019
44,0.9862037897109985
60,0.9899892807006836
1,0.9606387615203857
13,0.99332594871521
28,0.9908535480499268
51,0.9848716855049133
32,0.9908366203308105
39,0.9257461428642273
4,0.8230957388877869
3,0.9922825694084167
35,0.9861714243888855
34,0.9799685478210449
38,0.9523078799247742
21,0.9770779609680176
10,0.9895456433296204
49,0.9923728108406067
20,0.9734930396080017
25,0.9907360672950745
58,0.9771482944488525
54,0.9797235727310181
48,0.9766818284988403
23,0.9870972633361816
37,0.9908209443092346
50,0.9690570831298828
11,0.9744902849197388
44,0.9896143078804016
54,0.9894201755523682
52,0.9844177961349487
20,0.9747777581214905
43,0.9918992519378662
31,0.989104151725769
17,0.9227350354194641
10,0.9864808320999146
63,0.9478281736373901
5,0.9899852275848389
24,0.9857572913169861
16,0.9900694489479065
20,0.955119252204895
36,0.9911971092224121
35,0.9857823848724365
53,0.9659382700920105
57,0.9701369404792786
56,0.9902329444885254
6,0.9855968356132507
27,0.9913859367370605
51,0.9820924997329712
18,0.9835807681083679
46,0.9796767830848694
57,0.9898287057876587
37,0.9879279732704163
11,0.975531280040741
26,0.9934912323951721
21,0.9825454950332642
16,0.9906359314918518
10,0.9797883629798889
6,0.9845298528671265
63,0.9757424592971802
32,0.9866443276405334
21,0.9867258071899414
57,0.9735783338546753
2,0.944996178150177
37,0.9634875059127808
8,0.9804520010948181
31,0.9890571236610413
16,0.9790209531784058
58,0.9810022115707397
1,0.8865306377410889
39,0.9791089296340942
49,0.957964301109314
37,0.9905451536178589
11,0.9731674194335938
54,0.9881592988967896
27,0.9905446767807007
4,0.9548449516296387
50,0.9866625666618347
59,0.9944023489952087
46,0.9886429905891418
16,0.9912688732147217
13,0.9605329632759094
45,0.9817771315574646
8,0.36538466811180115
42,0.9920470714569092
40,0.9914398193359375
9,0.9785795211791992
13,0.9932041168212891
31,0.9883530735969543
15,0.9919146299362183
60,0.9921127557754517
54,0.9830352067947388
37,0.990098774433136
63,0.9713820815086365
27,0.9886366724967957
55,0.9934282898902893
44,0.9915693402290344
6,0.9850313663482666
16,0.9875762462615967
3,0.9863633513450623
0,0.9810166954994202
13,0.98536217212677
54,0.9095370173454285
55,0.9944217801094055
9,0.9592752456665039
13,0.9906502962112427
18,0.9684280753135681
34,0.9887421727180481
29,0.9835382103919983
0,0.9136438369750977
14,0.9843228459358215
28,0.9880791306495667
4,0.5393648147583008
47,0.9846305251121521
36,0.9888911247253418
56,0.9869875907897949
54,0.9842694997787476
25,0.9788548350334167
4,0.864649772644043
20,0.8670653700828552
44,0.9903479814529419
41,0.9688392877578735
40,0.9913880228996277
14,0.9895883798599243
20,0.9763885140419006
12,0.9795405268669128
52,0.990746259689331
22,0.9207138419151306
56,0.9915452599525452
63,0.9834955334663391
26,0.9900508522987366
2,0.9676432609558105
4,0.9522746205329895
28,0.9922642707824707
3,0.9884440302848816
38,0.9816684126853943
29,0.9839264750480652
62,0.9864779710769653
32,0.9709287881851196
0,0.8689301013946533
41,0.9743781685829163
27,0.987101674079895
16,0.9784039855003357
34,0.991550087928772
2,0.9647630453109741
27,0.9885507225990295
40,0.9876036047935486
2,0.7587434649467468
42,0.9925488233566284
5,0.9118248224258423
12,0.9867112040519714
48,0.977430522441864
30,0.9748063087463379
12,0.9869583249092102
63,0.9764488935470581
49,0.9848452806472778
17,0.9380322694778442
47,0.9929191470146179
15,0.990301251411438
50,0.9782739281654358
46,0.9836171865463257
23,0.991266667842865
29,0.9769286513328552
44,0.9900354743003845
26,0.9736472964286804
36,0.9927279949188232
26,0.9913033246994019
11,0.980868935585022
32,0.9914292693138123
50,0.9871045351028442
4,0.8557867407798767
30,0.9709060788154602
30,0.9827170968055725
57,0.9924973249435425
15,0.9886490106582642
21,0.9669895172119141
17,0.8474254012107849
46,0.9920921921730042
19,0.9797740578651428
7,0.9573596119880676
27,0.9878619909286499
46,0.9905359148979187
41,0.9681541919708252
62,0.9785640239715576
12,0.9773445725440979
8,0.99227374792099
15,0.9888542890548706
32,0.990207850933075
51,0.9803014397621155
47,0.9727468490600586
49,0.9900021553039551
20,0.9795418381690979
59,0.9855433702468872
62,0.9847678542137146
36,0.9917608499526978
21,0.9681276082992554
62,0.9856018424034119
31,0.987481415271759
61,0.9110342860221863
49,0.9790704250335693
6,0.9885319471359253
9,0.9935249090194702
11,0.9827818274497986
33,0.98781418800354
15,0.9914125204086304
18,0.9584400057792664
48,0.9882660508155823
13,0.9913774728775024
53,0.9893524646759033
37,0.9903430938720703
34,0.9884440302848816
3,0.993293285369873
46,0.9655534625053406
27,0.990480363368988
25,0.9895585775375366
63,0.981752872467041
53,0.9885286688804626
45,0.9856006503105164
49,0.9923001527786255
15,0.9704562425613403
13,0.9851807355880737
10,0.9808512926101685
6,0.9855402112007141
33,0.9942784309387207
37,0.9827980399131775
38,0.9835835099220276
17,0.7250847816467285
4,0.7690715789794922
30,0.9814174771308899
0,0.9562156200408936
4,0.7489328384399414
36,0.9877780079841614
25,0.9889228343963623
16,0.9845559597015381
13,0.9890300631523132
51,0.9846092462539673
59,0.990085244178772
63,0.9536716341972351
31,0.9847428798675537
42,0.98405522108078
29,0.9342157244682312
43,0.9898294806480408
1,0.9580448269844055
3,0.9894228577613831
20,0.9707356095314026
52,0.9850350618362427
27,0.9871821403503418
20,0.9763203859329224
59,0.9831148982048035
50,0.9662336707115173
10,0.9711496233940125
16,0.9565690159797668
23,0.9876587986946106
3,0.9925146698951721
62,0.986700177192688
31,0.9839567542076111
14,0.9924418926239014
56,0.9908801317214966
2,0.9651797413825989
11,0.9649350643157959
18,0.9805591702461243
15,0.9922953844070435
50,0.9751856327056885
19,0.9837309122085571
45,0.9616851210594177
45,0.9604835510253906
2,0.9372403025627136
34,0.9889016151428223
43,0.9904090166091919
41,0.9577760696411133
21,0.9865337610244751
55,0.9898809790611267
54,0.9880613088607788
22,0.9733874201774597
37,0.986048698425293
7,0.9901642203330994
57,0.9924564361572266
46,0.9917873740196228
7,0.9826880097389221
57,0.9933557510375977
38,0.9862462282180786
6,0.9866340160369873
39,0.9819223880767822
49,0.9606079459190369
26,0.9920095205307007
60,0.992302656173706
42,0.9863675236701965
5,0.9896878600120544
23,0.9910795092582703
57,0.9918559789657593
27,0.9923536777496338
42,0.991586446762085
34,0.9911779761314392
14,0.9874888062477112
27,0.9875002503395081
44,0.9899877905845642
45,0.9891741275787354
18,0.9740091562271118
25,0.9662866592407227
34,0.989827036857605
49,0.9828708171844482
50,0.9762293696403503
21,0.9839210510253906
43,0.9912885427474976
39,0.9893613457679749
29,0.7796368598937988
0,0.9792389273643494
59,0.9937291145324707
27,0.970539391040802
3,0.9878352284431458
47,0.9888916015625
28,0.9914819002151489
49,0.9903539419174194
40,0.9890677332878113
5,0.9888477325439453
47,0.9914114475250244
50,0.9650833606719971
10,0.9903821349143982
57,0.9925372004508972
7,0.9908860921859741
25,0.9863541722297668
45,0.9875966906547546
49,0.9853001236915588
53,0.9802371859550476
21,0.9895626902580261
19,0.9761486053466797
20,0.968024492263794
44,0.9727328419685364
29,0.9834746718406677
51,0.8897536396980286
10,0.9896383285522461
0,0.9815933108329773
10,0.9873305559158325
22,0.9850912690162659
6,0.9895135164260864
53,0.9910047054290771
19,0.980620801448822
38,0.9049736261367798
53,0.9931970834732056
27,0.9893041849136353
10,0.9730609655380249
23,0.9906688332557678
6,0.9654437899589539
60,0.9928283095359802
36,0.9868966937065125
60,0.9894974231719971
38,0.974494993686676
20,0.39748886227607727
8,0.9855446219444275
51,0.9797557592391968
31,0.9886168837547302
29,0.9618868231773376
44,0.9899100661277771
54,0.9909107089042664
46,0.9899467825889587
28,0.9910422563552856
60,0.9506608843803406
39,0.9884243011474609
51,0.9390937685966492
20,0.974845290184021
35,0.9859768152236938
23,0.9857943058013916
37,0.9872438311576843
45,0.9879654049873352
14,0.9883854389190674
16,0.9858152866363525
26,0.993194580078125
43,0.99013352394104
7,0.9802974462509155
3,0.9917820692062378
30,0.9692556262016296
61,0.9699578881263733
26,0.9930907487869263
35,0.9573529362678528
6,0.9711776375770569
38,0.9421386122703552
58,0.9827342629432678
43,0.986750066280365
40,0.9909703731536865
55,0.9444286823272705
30,0.9836006760597229
52,0.9686038494110107
23,0.9896551370620728
10,0.9640023708343506
15,0.990225613117218
59,0.9927887320518494
34,0.9873888492584229
8,0.8690084218978882
26,0.9892222881317139
35,0.9869984984397888
16,0.9902623891830444
4,0.8993516564369202
29,0.982548177242279
44,0.9900866150856018
39,0.9863607883453369
30,0.9823690056800842
36,0.9920765161514282
43,0.9914775490760803
56,0.9891080856323242
55,0.9940302968025208
11,0.9783360958099365
43,0.9842339158058167
33,0.9740410447120667
39,0.9815346002578735
35,0.9463979005813599
40,0.9824652671813965
22,0.9819620251655579
44,0.9900354743003845
11,0.9635591506958008
36,0.98863285779953
63,0.9877861738204956
56,0.9895495176315308
13,0.9912382960319519
12,0.9838827848434448
51,0.9406228065490723
17,0.8643614649772644
36,0.9925810098648071
62,0.9823232293128967
17,0.7127761244773865
15,0.986990749835968
28,0.9923884272575378
39,0.988922119140625
5,0.9870308041572571
41,0.9521333575248718
36,0.9915892481803894
13,0.9797990322113037
9,0.9928152561187744
29,0.9709540605545044
22,0.9836969971656799
47,0.9874078035354614
12,0.9887881875038147
43,0.9831005334854126
28,0.9930589199066162
50,0.9394197463989258
25,0.9844380021095276
12,0.9853463172912598
14,0.9920197129249573
58,0.9797321557998657
45,0.8760518431663513
56,0.9916718602180481
21,0.9900683760643005
60,0.9918258190155029
8,0.9921243786811829
32,0.993053138256073
15,0.9919928312301636
10,0.9904142022132874
40,0.9912210702896118
34,0.990649402141571
18,0.9745321273803711
3,0.9917958378791809
23,0.9902826547622681
17,0.8306178450584412
57,0.9888778328895569
0,0.9691224694252014
55,0.9878684878349304
44,0.9910518527030945
9,0.9930602312088013
2,0.9534457325935364
25,0.9698763489723206
38,0.9657739400863647
56,0.9686992168426514
55,0.9952358603477478
46,0.9882742166519165
1,0.948350727558136
58,0.9805296659469604
10,0.989365816116333
51,0.9777431488037109
9,0.9141302704811096
27,0.9884567260742188
8,0.9944769740104675
22,0.9841383099555969
42,0.9845218062400818
48,0.9880632758140564
49,0.9917365908622742
26,0.9934704303741455
19,0.9902241826057434
3,0.8782879114151001
12,0.9847812652587891
56,0.9680667519569397
16,0.9900514483451843
63,0.9842761754989624
46,0.9734715819358826
55,0.9195988178253174
57,0.9931803941726685
2,0.9694406986236572
18,0.9689422845840454
57,0.9920988082885742
8,0.9822618961334229
30,0.9752903580665588
7,0.9884755611419678
25,0.991766631603241
37,0.9822221994400024
17,0.944391131401062
3,0.9789543747901917
27,0.9927144646644592
53,0.9328648447990417
55,0.9819804430007935
52,0.9872304797172546
35,0.9873814582824707
9,0.925886332988739
50,0.9842939972877502
62,0.981721818447113
21,0.982181191444397
12,0.973599374294281
47,0.9944169521331787
40,0.989996075630188
12,0.980463445186615
35,0.9864387512207031
13,0.9899120926856995
46,0.9804937243461609
50,0.9684878587722778
10,0.9900251626968384
32,0.9849373698234558
51,0.9819022417068481
42,0.9830263257026672
16,0.9866601228713989
57,0.9912732243537903
52,0.9913950562477112
40,0.9920268654823303
26,0.9755428433418274
19,0.9888951778411865
36,0.9899961948394775
62,0.9649056792259216
52,0.983525276184082
63,0.9307230710983276
1,0.9462271928787231
0,0.9643914103507996
0,0.9492227435112
41,0.9671527147293091
59,0.9911994338035583
37,0.9802454113960266
20,0.9769279956817627
46,0.9323586821556091
41,0.977242112159729
7,0.9888335466384888
26,0.9921779036521912
30,0.9753290414810181
53,0.9847719073295593
7,0.9910253286361694
43,0.9884119629859924
26,0.9934889078140259
31,0.9883719086647034
58,0.9812095761299133
32,0.9825515747070312
46,0.992175281047821
50,0.967228889465332
46,0.9825904965400696
6,0.9899930357933044
48,0.949981689453125
13,0.9900497198104858
57,0.9896203279495239
29,0.9799901843070984
32,0.9890991449356079
17,0.9363520741462708
44,0.9907384514808655
7,0.9904522895812988
50,0.9800288677215576
43,0.9901676177978516
58,0.9493191242218018
43,0.9841974377632141
30,0.9794747829437256
38,0.9447987079620361
54,0.9904026985168457
50,0.9829512238502502
34,0.9869937300682068
16,0.946054220199585
50,0.9792792797088623
4,0.9575708508491516
8,0.9617175459861755
1,0.8464885354042053
33,0.9461958408355713
26,0.9919479489326477
54,0.9860072135925293
52,0.989753246307373
30,0.9820992946624756
55,0.9924499988555908
40,0.9767921566963196
48,0.9820805788040161
49,0.9866467714309692
38,0.9819599390029907
48,0.985879123210907
54,0.9711989760398865
26,0.9933109283447266
17,0.8266206383705139
47,0.9717752933502197
30,0.9648056626319885
6,0.9895630478858948
42,0.9916386008262634
24,0.9794877171516418
22,0.9850703477859497
60,0.9879572987556458
25,0.9862396121025085
46,0.9883880019187927
20,0.9724071025848389
21,0.5929759740829468
58,0.9760789275169373
62,0.9818476438522339
5,0.9898654818534851
62,0.9854791164398193
24,0.9662669897079468
32,0.969816267490387
36,0.9920077323913574
35,0.9822246432304382
59,0.9871938824653625
16,0.9798890948295593
42,0.9897310733795166
31,0.9888575077056885
30,0.9088398218154907
59,0.9938441514968872
17,0.9353798627853394
7,0.9872457981109619
36,0.9691970348358154
57,0.9901691675186157
42,0.9808626174926758
12,0.9890522360801697
10,0.971030056476593
11,0.9795756936073303
62,0.9841357469558716
62,0.9089551568031311
24,0.9853140115737915
23,0.9897935390472412
6,0.9880121946334839
5,0.9898779392242432
22,0.9861327409744263
13,0.9903635382652283
30,0.9796372056007385
26,0.9910290241241455
23,0.9871576428413391
42,0.9916461110115051
39,0.9895139932632446
21,0.9726948738098145
15,0.9919844269752502
44,0.9911422729492188
0,0.9767370223999023
5,0.9847463369369507
7,0.9710716009140015
25,0.9862690567970276
31,0.9879064559936523
31,0.9800976514816284
9,0.954673707485199
61,0.9803822040557861
9,0.9676451683044434
55,0.996311604976654
17,0.7409789562225342
46,0.9919222593307495
54,0.991606593132019
13,0.9904000163078308
16,0.9760436415672302
28,0.9884592890739441
53,0.9912292957305908
61,0.9573930501937866
42,0.9895583391189575
13,0.9922324419021606
33,0.9922041893005371
37,0.9904779195785522
49,0.9620897769927979
24,0.9875099658966064
10,0.9844345450401306
5,0.9795660376548767
12,0.9741507768630981
3,0.9913192391395569
4,0.901009738445282
7,0.9889735579490662
37,0.9888430833816528
54,0.9911041259765625
30,0.9834157228469849
20,0.9736616015434265
13,0.9908201098442078
19,0.9856441020965576
62,0.9861096739768982
56,0.9732575416564941
50,0.9827296733856201
32,0.9865511655807495
5,0.9870977997779846
15,0.9839401245117188
15,0.9852181077003479
9,0.980958878993988
42,0.9897750616073608
18,0.9765762090682983
14,0.9861835241317749
41,0.9549761414527893
29,0.9817191958427429
52,0.991395890712738
59,0.994202196598053
55,0.993176281452179
47,0.994207501411438
14,0.9894457459449768
42,0.9907450675964355
21,0.9845304489135742
16,0.9908379912376404
35,0.9823479652404785
31,0.9851303100585938
13,0.9712844491004944
22,0.917760968208313
35,0.9863075613975525
18,0.969168484210968
17,0.9576355814933777
47,0.9911513924598694
32,0.9897902607917786
19,0.9885849356651306
22,0.9848426580429077
45,0.9885410666465759
24,0.9872277975082397
61,0.9715492725372314
29,0.9796077013015747
22,0.9835031032562256
41,0.9437695741653442
17,0.6324410438537598
30,0.98329758644104
61,0.9174859523773193
41,0.9570721387863159
24,0.9797180891036987
55,0.9762223362922668
31,0.9854769110679626
32,0.9841030836105347
51,0.9854142665863037
0,0.9598763585090637
31,0.9890220165252686
58,0.9650607109069824
32,0.9891486763954163
41,0.9707750678062439
12,0.972239077091217
6,0.9887864589691162
28,0.9879014492034912
13,0.9865754246711731
43,0.9881218671798706
57,0.9783539175987244
17,0.9470546841621399
48,0.9886001944541931
44,0.9883771538734436
40,0.9910005927085876
7,0.9864765405654907
56,0.9913653135299683
3,0.9859110116958618
3,0.9920794367790222
49,0.9842116236686707
19,0.9874898791313171
42,0.9899987578392029
62,0.9698612093925476
36,0.9926069974899292
29,0.9783596396446228
37,0.9884489178657532
55,0.9942156672477722
38,0.9809402823448181
8,0.9856475591659546
61,0.9809500575065613
59,0.9892880916595459
40,0.989250898361206
4,0.8849648833274841
23,0.9851741194725037
62,0.9662059545516968
57,0.9855861067771912
24,0.976430356502533
57,0.9918369650840759
43,0.9777880311012268
59,0.9827027320861816
28,0.9910983443260193
34,0.9855072498321533
21,0.9889119863510132
15,0.9847497940063477
30,0.9680801630020142
0,0.9693594574928284
13,0.9764568209648132
29,0.9822841286659241
4,0.7895231246948242
20,0.9629080295562744
24,0.9846425652503967
5,0.9901464581489563
35,0.9871237277984619
53,0.9858080148696899
49,0.9909766912460327
4,0.9260024428367615
3,0.9910070300102234
30,0.9747279286384583
31,0.9871905446052551
40,0.9907689690589905
13,0.9922873973846436
24,0.9610556364059448
6,0.989096462726593
62,0.9858152866363525
37,0.9860839247703552
1,0.9319068789482117
43,0.9837788939476013
22,0.9843177795410156
45,0.9761357307434082
24,0.9811102151870728
11,0.9814496040344238
49,0.9904364943504333
4,0.9314591884613037
43,0.9906801581382751
3,0.9917580485343933
21,0.9732273817062378
44,0.9881224036216736
20,0.9778508543968201
19,0.9844357967376709
27,0.9885725975036621
9,0.9910680651664734
63,0.9772658944129944
17,0.9557675123214722
61,0.8144884705543518
19,0.987781286239624
14,0.9903027415275574
39,0.9819934964179993
31,0.9882491827011108
37,0.9893408417701721
29,0.9846549034118652
13,0.9915217161178589
21,0.9889174699783325
36,0.9856944680213928
44,0.9905381202697754
47,0.9943742752075195
63,0.9881570935249329
2,0.9622183442115784
11,0.9808148145675659
26,0.9868707656860352
38,0.983535885810852
36,0.9924615025520325
0,0.9673820734024048
51,0.935922384262085
26,0.9918782711029053
24,0.9819345474243164
15,0.9903646111488342
32,0.9867745637893677
52,0.9899008870124817
33,0.9898443222045898
24,0.9792126417160034
0,0.8879730701446533
43,0.9887624382972717
51,0.9550196528434753
4,0.8761648535728455
18,0.7405067682266235
10,0.9647861123085022
40,0.9918203353881836
43,0.9920433163642883
17,0.9440568685531616
38,0.9509550929069519
39,0.9242386221885681
2,0.9621437191963196
40,0.9905511140823364
47,0.915392279624939
2,0.9558977484703064
60,0.9742929935455322
63,0.9872819781303406
15,0.9841088652610779
54,0.9913461804389954
59,0.9936076402664185
57,0.9911724925041199
39,0.890025794506073
48,0.9863264560699463
2,0.9654514789581299
62,0.9814155101776123
17,0.9349303245544434
1,0.9257278442382812
47,0.9951844811439514
12,0.9541558623313904
52,0.991015613079071
50,0.8429068326950073
19,0.9896590113639832
43,0.9728127121925354
12,0.970881462097168
33,0.9861747026443481
12,0.9795117378234863
53,0.9933892488479614
6,0.9838278293609619
51,0.9515690207481384
51,0.8899921178817749
58,0.9754865765571594
12,0.9840347766876221
2,0.9653205871582031
58,0.9742624163627625
27,0.9871947169303894
58,0.9750072956085205
40,0.9874988198280334
52,0.9899803996086121
36,0.9921269416809082
51,0.9873459935188293
20,0.9752100706100464
22,0.9865368604660034
58,0.9770928621292114
21,0.9727494716644287
31,0.9879932403564453
33,0.9912174940109253
4,0.8759969472885132
48,0.9853670597076416
59,0.9934879541397095
44,0.9906092882156372
53,0.9935562014579773
24,0.9869723916053772
25,0.9788683652877808
46,0.9916439652442932
37,0.9871060848236084
52,0.9879525303840637
13,0.9941267967224121
60,0.9918637275695801
38,0.9815639853477478
13,0.9896257519721985
47,0.9783333539962769
19,0.970115602016449
26,0.9062024354934692
42,0.9734019637107849
29,0.9811195135116577
7,0.9784150719642639
1,0.9627852439880371
25,0.9828921556472778
31,0.9839751124382019
6,0.9891710877418518
23,0.9911795258522034
37,0.9830187559127808
22,0.961401104927063
8,0.9852515459060669
37,0.9793967008590698
29,0.981460452079773
50,0.9876054525375366
37,0.9880527257919312
59,0.9932153224945068
58,0.9704106450080872
39,0.9761946797370911
60,0.9922210574150085
6,0.9878786206245422
27,0.9927526712417603
59,0.9942820072174072
16,0.9907214641571045
30,0.9783567786216736
58,0.975823700428009
11,0.9794514775276184
18,0.9226735830307007
42,0.9820426106452942
28,0.9905028343200684
52,0.9912360906600952
41,0.9684980511665344
0,0.9799179434776306
41,0.9719380736351013
42,0.9910967350006104
61,0.9843463897705078
25,0.9894429445266724
1,0.9325542449951172
24,0.9865900278091431
31,0.9891276955604553
1,0.9296520948410034
43,0.9694128036499023
31,0.9885773658752441
1,0.9386781454086304
31,0.9810463786125183
54,0.988116979598999
59,0.9883660674095154
28,0.9874553680419922
41,0.9457448124885559
50,0.9787160158157349
47,0.8523316383361816
53,0.9685471057891846
41,0.9771803617477417
15,0.9893675446510315
45,0.9698152542114258
8,0.9815599918365479
59,0.9835397005081177
40,0.9905611872673035
57,0.9877957105636597
26,0.9877459406852722
44,0.9913318157196045
52,0.9889687299728394
1,0.9155465364456177
58,0.980038583278656
11,0.9700528979301453
21,0.984529435634613
3,0.9911460280418396
10,0.9809184670448303
46,0.9873150587081909
34,0.9786309003829956
9,0.9857859015464783
57,0.9860802292823792
39,0.9833609461784363
30,0.9673664569854736
27,0.9796679615974426
46,0.930584728717804
34,0.9911024570465088
48,0.9867330193519592
34,0.95741206407547
5,0.9888467192649841
21,0.9869052767753601
25,0.9905709028244019
37,0.9862521290779114
15,0.9898730516433716
42,0.9720812439918518
35,0.9853889346122742
24,0.9828031063079834
5,0.9894340634346008
14,0.9931602478027344
47,0.9511685967445374
58,0.9686611890792847
23,0.9904698133468628
52,0.987158477306366
35,0.9867517948150635
34,0.9859271049499512
21,0.9801208972930908
36,0.9903736114501953
56,0.9918632507324219
42,0.9920071363449097
42,0.9920485615730286
58,0.9560737013816833
24,0.9840970039367676
60,0.9919987320899963
27,0.9877362847328186
47,0.9880069494247437
8,0.9915446043014526
14,0.991145670413971
38,0.9789246320724487
27,0.981124758720398
20,0.9721235632896423
31,0.9886435866355896
3,0.9892609119415283
34,0.9911208748817444
9,0.9874890446662903
7,0.9710832834243774
44,0.98816978931427
62,0.9754374623298645
56,0.9920669794082642
32,0.9869831800460815
22,0.9876667261123657
18,0.9756911396980286
25,0.9668324589729309
13,0.9908011555671692
63,0.9876062273979187
62,0.9864866733551025
7,0.9631062150001526
4,0.8731650114059448
33,0.9930599927902222
22,0.9867092967033386
51,0.9720240235328674
45,0.9771868586540222
10,0.9903704524040222
9,0.9863408803939819
60,0.9896321296691895
21,0.9554471373558044
32,0.9904152154922485
36,0.9899075031280518
62,0.9807997941970825
56,0.9896075129508972
44,0.9906554818153381
32,0.992332935333252
56,0.9827494621276855
61,0.9727664589881897
36,0.9926905035972595
59,0.9933887720108032
50,0.982386589050293
55,0.9707876443862915
47,0.973957359790802
43,0.9900982975959778
20,0.9716491103172302
19,0.9523846507072449
17,0.9334187507629395
43,0.9908580183982849
18,0.9667525887489319
10,0.9877182245254517
54,0.9921924471855164
44,0.991813063621521
0,0.9730491638183594
51,0.9701153635978699
14,0.9932128190994263
52,0.9872922897338867
7,0.9914801120758057
49,0.98256516456604
40,0.9907953143119812
14,0.9815956950187683
38,0.9855231046676636
26,0.9857834577560425
15,0.9888315200805664
48,0.9879435300827026
2,0.8757554888725281
2,0.9461506009101868
28,0.9894028902053833
44,0.9914774298667908
60,0.9921058416366577
23,0.9813455939292908
38,0.8545354008674622
53,0.9905248284339905
5,0.9892619848251343
41,0.9634993672370911
51,0.9397990703582764
10,0.9905596375465393
27,0.9870039820671082
34,0.9894624352455139
22,0.9844092726707458
55,0.9956600069999695
5,0.9611831903457642
37,0.9841951131820679
37,0.9903395771980286
22,0.9763308167457581
38,0.9811909794807434
5,0.9893419742584229
14,0.9934074878692627
23,0.9905766248703003
43,0.9917728304862976
33,0.9943026304244995
8,0.9811997413635254
6,0.9879506826400757
35,0.9760419130325317
53,0.993320882320404
34,0.9804830551147461
41,0.9526422023773193
4,0.8052642941474915
38,0.9873817563056946
11,0.9793789386749268
12,0.9861263632774353
28,0.9920431971549988
32,0.9891050457954407
12,0.9906396865844727
15,0.9899970293045044
38,0.9885517358779907
46,0.9833090901374817
32,0.9897213578224182
20,0.9704315066337585
12,0.9879546165466309
59,0.9387680888175964
58,0.9827802181243896
40,0.992298424243927
22,0.34780359268188477
28,0.9916620254516602
43,0.9904888868331909
44,0.9899590611457825
16,0.9002166986465454
17,0.8934831023216248
46,0.9925105571746826
60,0.9835246801376343
35,0.9823423027992249
24,0.9509148001670837
37,0.9902003407478333
30,0.9824777245521545
51,0.9803386926651001
34,0.9912378191947937
8,0.9933173656463623
12,0.9823147058486938
24,0.973694384098053
8,0.99236661195755
55,0.9955679774284363
42,0.9922810196876526
12,0.9900387525558472
2,0.9561063051223755
15,0.9869726300239563
4,0.8974044919013977
58,0.8539323806762695
45,0.9779894948005676
45,0.9351921081542969
9,0.9802615642547607
9,0.9934957027435303
56,0.990980327129364
27,0.9865394234657288
29,0.9306864142417908
33,0.9907339811325073
3,0.9904940724372864
24,0.9854459762573242
61,0.9699706435203552
10,0.9848973155021667
49,0.9906286597251892
39,0.9841219186782837
49,0.9923028945922852
19,0.9886666536331177
45,0.9485543966293335
19,0.9897449612617493
25,0.9873982667922974
22,0.9858179688453674
4,0.8741120100021362
39,0.9768803119659424
49,0.9718173742294312
44,0.991376519203186
6,0.9899945855140686
61,0.9782619476318359
27,0.9874305725097656
57,0.9925178289413452
54,0.9909302592277527
20,0.9636823534965515
37,0.9907288551330566
36,0.9918105006217957
36,0.9900574088096619
8,0.9178003668785095
33,0.9856245517730713
45,0.952991247177124
38,0.9827480912208557
10,0.9819027185440063
44,0.990474283695221
43,0.9899167418479919
49,0.9894291758537292
39,0.9872800707817078
55,0.9832522869110107
61,0.9845482707023621
56,0.9918032288551331
16,0.9892445802688599
25,0.9890571236610413
59,0.9926233291625977
33,0.9898028373718262
28,0.9855450987815857
17,0.9122681021690369
36,0.9924629926681519
63,0.9876317381858826
56,0.9896962642669678
0,0.9590827822685242
26,0.9929237365722656
0,0.97286057472229
47,0.8758561015129089
53,0.9918240904808044
32,0.9929017424583435
45,0.9823805093765259
57,0.9840812683105469
49,0.9918816685676575
60,0.9857516884803772
49,0.9660425186157227
57,0.9928556680679321
45,0.9887259602546692
34,0.9906421303749084
9,0.9857112765312195
1,0.9330364465713501
30,0.9786790013313293
42,0.9767501950263977
23,0.9867343902587891
52,0.9900111556053162
13,0.9891120791435242
41,0.9471598267555237
62,0.9865439534187317
42,0.9888795614242554
54,0.9859035015106201
3,0.9910888671875
25,0.9504920244216919
21,0.9784496426582336
51,0.9558501839637756
41,0.9752444624900818
28,0.9929199814796448
52,0.9825935959815979
20,0.9479020237922668
53,0.9869108200073242
56,0.9910061955451965
6,0.9896429181098938
37,0.9821380376815796
6,0.9822263717651367
27,0.9872210621833801
3,0.982430100440979
35,0.9847769737243652
23,0.9458761811256409
48,0.9873024225234985
56,0.9546558856964111
24,0.9831349849700928
42,0.987646222114563
16,0.9880000948905945
57,0.9841820597648621
53,0.9906094074249268
19,0.945524275302887
30,0.9816741943359375
3,0.9890391826629639
45,0.8529207110404968
39,0.9857960939407349
60,0.9819822311401367
16,0.9850150942802429
27,0.9896249175071716
18,0.9252192974090576
61,0.9217261075973511
27,0.9925663471221924
59,0.9923288226127625
15,0.9883818030357361
7,0.9882932901382446
41,0.9532602429389954
46,0.9913517236709595
29,0.971912145614624
57,0.9912448525428772
6,0.9554523825645447
53,0.9877808094024658
57,0.991600513458252
24,0.9871768355369568
23,0.9901012182235718
38,0.9895265102386475
12,0.9704869985580444
8,0.9886807203292847
34,0.9916062355041504
50,0.9803406000137329
8,0.9912506341934204
62,0.9859391450881958
18,0.946191132068634
2,0.9682923555374146
48,0.9870691299438477
57,0.9918129444122314
48,0.975864589214325
28,0.9719024896621704
11,0.9675710797309875
33,0.9866868257522583
14,0.991238534450531
25,0.9878409504890442
31,0.9879027009010315
40,0.9890391826629639
14,0.8758262991905212
55,0.9890220165252686
9,0.9933363199234009
47,0.9891317486763
59,0.9937680959701538
39,0.956104040145874
20,0.9660820364952087
27,0.9848544597625732
32,0.9899191856384277
39,0.9847893714904785
45,0.9413659572601318
5,0.9883711934089661
24,0.9865467548370361
33,0.9872695207595825
42,0.9921715259552002
63,0.986746609210968
40,0.9914769530296326
48,0.9856523275375366
14,0.9825817346572876
59,0.9928741455078125
17,0.8752279281616211
44,0.9914571642875671
56,0.9820404052734375
53,0.9906260967254639
34,0.9916233420372009
26,0.9923566579818726
23,0.9772935509681702
30,0.9824727773666382
21,0.9860591292381287
2,0.9595867991447449
27,0.9886533617973328
5,0.989879846572876
22,0.9860105514526367
8,0.9766298532485962
57,0.9905507564544678
33,0.9924700260162354
25,0.9871399998664856
49,0.9890118837356567
25,0.9881057739257812
12,0.9707919955253601
40,0.9859669804573059
6,0.9873560667037964
5,0.9902025461196899
15,0.9894146919250488
61,0.9733432531356812
29,0.9778112173080444
59,0.9882561564445496
35,0.9845954775810242
46,0.992252767086029
33,0.9852783679962158
27,0.9928820133209229
6,0.9892808794975281
21,0.9776236414909363
4,0.9071303606033325
34,0.9800767302513123
56,0.9818570017814636
32,0.9870181679725647
9,0.9578137993812561
38,0.9471664428710938
25,0.9899388551712036
6,0.9888246655464172
44,0.9893243908882141
28,0.9905163645744324
9,0.9475088715553284
50,0.977963387966156
24,0.9881502389907837
12,0.9850795269012451
52,0.9369866251945496
29,0.9661168456077576
31,0.9829367399215698
36,0.9847632050514221
13,0.9926825165748596
33,0.9839533567428589
50,0.9631020426750183
13,0.9910469651222229
19,0.9888232350349426
58,0.9816893339157104
55,0.9880207180976868
27,0.9756485819816589
3,0.9927023649215698
26,0.9928383231163025
12,0.9888367652893066
25,0.9902883768081665
47,0.9912051558494568
55,0.9947471022605896
46,0.9926691055297852
42,0.9762805700302124
54,0.9858226180076599
61,0.9628443121910095
39,0.9621102213859558
14,0.9879535436630249
3,0.988157331943512
26,0.9935116171836853
50,0.9833621382713318
40,0.9923143982887268
19,0.9298162460327148
54,0.9869388341903687
63,0.8994787335395813
25,0.9862852096557617
8,0.9884431958198547
59,0.9859188795089722
51,0.978859543800354
15,0.9899508357048035
50,0.9884774088859558
25,0.9789490103721619
33,0.9919672608375549
44,0.9912574291229248
57,0.9677472114562988
43,0.9838962554931641
11,0.981602132320404
22,0.9873623847961426
28,0.9553253650665283
13,0.9852343201637268
7,0.9870325326919556
26,0.9918890595436096
9,0.9773669838905334
1,0.9579442739486694
52,0.934744656085968
34,0.986967146396637
17,0.6951213479042053
15,0.9874795079231262
58,0.9810569882392883
62,0.9851110577583313
1,0.8750866651535034
33,0.9902230501174927
23,0.9910128712654114
29,0.9823439121246338
33,0.9935382008552551
26,0.9915468096733093
22,0.9872514009475708
55,0.9909374713897705
29,0.9800716638565063
0,0.9603783488273621
37,0.9893707036972046
37,0.9578532576560974
32,0.9814941883087158
18,0.8697466254234314
10,0.9822523593902588
51,0.9780635833740234
9,0.9906010627746582
59,0.9936490654945374
28,0.9800681471824646
3,0.9908332228660583
53,0.9926544427871704
11,0.9797526597976685
55,0.9863700866699219
36,0.9905028343200684
63,0.9875684380531311
14,0.9928353428840637
9,0.9545448422431946
22,0.985430121421814
4,0.7481890320777893
24,0.9678066968917847
38,0.9867115020751953
45,0.9771668314933777
30,0.9795881509780884
33,0.9940385818481445
28,0.9915581941604614
11,0.9773434400558472
15,0.9915295839309692
57,0.9891332983970642
41,0.9409711360931396
46,0.9845985174179077
57,0.9851071238517761
32,0.9845535755157471
42,0.9803558588027954
54,0.9796441793441772
46,0.9743700623512268
60,0.9857560992240906
0,0.9677178263664246
40,0.9884557723999023
22,0.9655903577804565
35,0.9865060448646545
34,0.9883566498756409
26,0.9913191199302673
52,0.9857358336448669
19,0.9877002239227295
1,0.8570054173469543
11,0.9722750186920166
2,0.9660988450050354
10,0.9853397011756897
42,0.9825676083564758
51,0.9853091835975647
46,0.9623368978500366
51,0.9739258885383606
27,0.9922651052474976
48,0.9852501749992371
14,0.9869978427886963
46,0.9915677905082703
60,0.9897336363792419
1,0.9452335238456726
19,0.9866927266120911
53,0.9419496655464172
43,0.988032341003418
55,0.9914512038230896
54,0.9857237935066223
21,0.9728571772575378
1,0.9585145711898804
22,0.9851803779602051
35,0.9860365390777588
45,0.9721717834472656
12,0.9206342101097107
9,0.926766037940979
55,0.921348512172699
49,0.9797657132148743
6,0.9263216853141785
16,0.9789942502975464
19,0.9774478673934937
18,0.9882954359054565
8,0.9836500287055969
62,0.9802526235580444
2,0.9693794250488281
49,0.9882906675338745
32,0.9845704436302185
40,0.9903730154037476
7,0.9858753085136414
60,0.9859565496444702
34,0.987626850605011
24,0.9738963842391968
52,0.9909413456916809
46,0.9935992956161499
18,0.9736521244049072
20,0.9611260294914246
50,0.9788843393325806
11,0.980356752872467
57,0.9886915683746338
47,0.9930885434150696
22,0.9821149110794067
55,0.9874180555343628
7,0.9837856888771057
51,0.8189792037010193
24,0.9768826961517334
46,0.9898057579994202
52,0.9909548163414001
60,0.9904710054397583
19,0.9864298105239868
6,0.9656763076782227
47,0.9953659772872925
57,0.9912362098693848
4,0.8700740337371826
49,0.991275429725647
24,0.9874052405357361
53,0.9751852750778198
51,0.9823054075241089
60,0.9902760982513428
22,0.9846077561378479
58,0.9795374870300293
3,0.9504067897796631
26,0.9882122874259949
50,0.9866402745246887
23,0.9912394881248474
35,0.9846028089523315
43,0.9910468459129333
33,0.9905445575714111
6,0.9887253642082214
29,0.9808790683746338
47,0.9774414896965027
55,0.9937700629234314
10,0.9839028120040894
48,0.9565356373786926
17,0.9278456568717957
2,0.9559521079063416
2,0.6512218713760376
16,0.9851356148719788
43,0.9911565780639648
18,0.9838699698448181
25,0.9857079386711121
20,0.9761601686477661
63,0.960351824760437
35,0.9844108819961548
3,0.9924088716506958
21,0.9686508178710938
39,0.9769531488418579
17,0.9385076761245728
11,0.9805160760879517
39,0.9763138890266418
47,0.9880276918411255
12,0.9894793629646301
36,0.9839748740196228
2,0.630605936050415
18,0.9500623941421509
39,0.8782068490982056
35,0.9858869910240173
41,0.9749090671539307
2,0.9527832865715027
28,0.954380452632904
41,0.9498199224472046
45,0.9751632809638977
31,0.9888206124305725
18,0.9702010750770569
33,0.9942323565483093
27,0.9787776470184326
14,0.9881540536880493
63,0.9865236878395081
60,0.9909262657165527
52,0.992177426815033
1,0.9213521480560303
4,0.6137815117835999
31,0.9888774752616882
18,0.9601262807846069
44,0.9917904138565063
46,0.9919122457504272
13,0.9916847944259644
63,0.9828798174858093
26,0.9916197061538696
58,0.9770841002464294
56,0.9920376539230347
1,0.8836249709129333
25,0.9842941164970398
63,0.9859564304351807
19,0.9604091048240662
14,0.9879263639450073
33,0.991741418838501
24,0.9799349904060364
48,0.9874924421310425
31,0.9865684509277344
56,0.9904928803443909
33,0.9907071590423584
2,0.9639624953269958
53,0.9925927519798279
0,0.9770911335945129
39,0.987570583820343
41,0.9759328365325928
59,0.9683466553688049
23,0.9902023077011108
16,0.9917140007019043
51,0.9844056963920593
16,0.987217366695404
18,0.980759859085083
58,0.9763883352279663
29,0.9861519932746887
38,0.9815370440483093
2,0.9626274704933167
9,0.9917892217636108
25,0.985089123249054
7,0.9789005517959595
22,0.981652021408081
6,0.9898082613945007
55,0.9962299466133118
28,0.9919074773788452
30,0.9767141342163086
50,0.9618025422096252
20,0.976342499256134
39,0.9746171832084656
12,0.9800236821174622
36,0.9918518662452698
13,0.9910041093826294
59,0.9931475520133972
3,0.9898859262466431
53,0.9903956055641174
48,0.987173318862915
18,0.980476975440979
8,0.992275059223175
11,0.9814225435256958
24,0.894231915473938
33,0.992966890335083
10,0.9595853686332703
48,0.9426337480545044
17,0.9515829086303711
3,0.9931714534759521
36,0.9545398354530334
25,0.9918781518936157
61,0.9695232510566711
45,0.989120364189148
53,0.980781078338623
46,0.7243303656578064
11,0.9800757169723511
40,0.9880586266517639
7,0.9865617156028748
39,0.9864240288734436
52,0.9801064729690552
11,0.9779982566833496
51,0.9873949289321899
33,0.9941691160202026
40,0.9917934536933899
0,0.9474514126777649
5,0.9898785352706909
19,0.9822396039962769
41,0.928348183631897
23,0.9900913238525391
38,0.954404890537262
26,0.9923064112663269
9,0.9622583985328674
23,0.990874171257019
19,0.9680256247520447
2,0.9586400985717773
2,0.959324061870575
20,0.971402108669281
23,0.9893884062767029
43,0.990315854549408
5,0.9874940514564514
56,0.9918409585952759
63,0.9802240133285522
27,0.9845780730247498
52,0.9893167614936829
42,0.9925589561462402
17,0.8924878239631653
33,0.9911244511604309
52,0.9876547455787659
39,0.958461344242096
56,0.9908090829849243
30,0.974958598613739
14,0.9660462141036987
20,0.9753271341323853
29,0.9840800166130066
41,0.9568272829055786
46,0.9918934106826782
35,0.9848049283027649
44,0.991413950920105
28,0.9781994223594666
34,0.9910678267478943
41,0.9583311676979065
42,0.9865896701812744
8,0.9927701354026794
46,0.989791214466095
37,0.9901492595672607
52,0.9895939826965332
12,0.9883207082748413
22,0.9844862222671509
43,0.9907791614532471
35,0.9836259484291077
42,0.9919275045394897
62,0.9884185194969177
16,0.9808072447776794
41,0.9746711850166321
24,0.9830313920974731
6,0.9876170754432678
15,0.9886590838432312
28,0.9905344247817993
61,0.9761651754379272
35,0.9825788736343384
56,0.9872972965240479
34,0.9875516295433044
62,0.9773768782615662
20,0.9314733743667603
52,0.9542289972305298
39,0.9673550724983215
42,0.9521507620811462
8,0.9906156659126282
22,0.8513227105140686
21,0.985348641872406
52,0.9897553324699402
0,0.9660571813583374
33,0.9639350175857544
4,0.4972943663597107
27,0.9925462603569031
15,0.7727863788604736
27,0.9888701438903809
30,0.9819709062576294
49,0.9908203482627869
54,0.8806726932525635
9,0.6664563417434692
18,0.9830500483512878
12,0.9668887853622437
50,0.9843679070472717
50,0.9781696796417236
21,0.9734544157981873
22,0.979536235332489
33,0.993992269039154
20,0.9737610816955566
3,0.9904728531837463
54,0.9863051176071167
28,0.9816950559616089
46,0.9881919026374817
20,0.9687437415122986
18,0.9498012661933899
1,0.8035961389541626
57,0.9866849780082703
45,0.9887143969535828
48,0.988653838634491
25,0.989584743976593
61,0.9116731286048889
40,0.9915837049484253
6,0.98665851354599
59,0.9870705008506775
1,0.9268035292625427
53,0.9919226169586182
30,0.9812034964561462
11,0.9791139960289001
12,0.7864209413528442
5,0.9898502826690674
48,0.983059823513031
24,0.9711126685142517
28,0.9903676509857178
39,0.9888750314712524
37,0.9892174005508423
13,0.9909748435020447
37,0.9888474941253662
61,0.9558878540992737
4,0.7981488108634949
16,0.9779219031333923
35,0.9852190017700195
1,0.9047226905822754
52,0.9281755089759827
39,0.9582156538963318
34,0.9887435436248779
7,0.9884551763534546
37,0.9857869148254395
16,0.9614048004150391
37,0.9800013899803162
17,0.9344983696937561
48,0.9838072657585144
6,0.9894322156906128
44,0.990642249584198
21,0.9748523235321045
33,0.9911777377128601
41,0.9720741510391235
7,0.9853835701942444
31,0.9881651401519775
47,0.9411236643791199
39,0.9846943020820618
7,0.9173353314399719
30,0.9788227677345276
14,0.9902395009994507
9,0.515487015247345
30,0.9773173332214355
51,0.7543995380401611
27,0.9894552826881409
30,0.977071225643158
61,0.9584461450576782
25,0.9900833368301392
5,0.9898757338523865
61,0.9850839972496033
18,0.9549723267555237
62,0.9826067090034485
45,0.9814961552619934
19,0.9835376143455505
29,0.9818829298019409
19,0.9849892854690552
37,0.9876580238342285
44,0.9913354516029358
50,0.9505020380020142
11,0.9627376794815063
48,0.9841392636299133
54,0.9744113683700562
33,0.9883546829223633
50,0.9027273058891296
37,0.9736246466636658
32,0.9921813011169434
53,0.9918402433395386
28,0.9878215193748474
10,0.9849536418914795
41,0.9683112502098083
51,0.6587231755256653
35,0.9863346815109253
58,0.9733824729919434
17,0.9534264206886292
41,0.9759495258331299
0,0.9616472721099854
0,0.9760555624961853
20,0.9752994179725647
62,0.9867538809776306
1,0.9623500108718872
17,0.5217709541320801
37,0.9849164485931396
29,0.9839485287666321
55,0.9947298765182495
32,0.9903046488761902
28,0.9920986890792847
17,0.7523977756500244
54,0.9839911460876465
56,0.8125277757644653
53,0.9653411507606506
22,0.9846909642219543
12,0.9719104766845703
60,0.9866895079612732
23,0.9906008243560791
58,0.9773350954055786
1,0.928493857383728
13,0.984265923500061
28,0.9896858334541321
1,0.9520872831344604
53,0.9911851286888123
6,0.9854782819747925
27,0.9879064559936523
27,0.9879470467567444
36,0.982544481754303
36,0.6980539560317993
28,0.9930371642112732
35,0.9867269396781921
47,0.9589040875434875
8,0.9898307919502258
44,0.9904649257659912
26,0.9933104515075684
2,0.95307457447052
61,0.9843885898590088
33,0.9882617592811584
42,0.9906322956085205
27,0.9926153421401978
32,0.9794713854789734
4,0.67546546459198
63,0.9862021803855896
58,0.9709576368331909
31,0.9879369139671326
5,0.983414351940155
48,0.9814198017120361
11,0.9788559079170227
48,0.9764299392700195
17,0.9086021184921265
3,0.9782211184501648
5,0.989940345287323
58,0.9778724908828735
8,0.7605141997337341
23,0.9885842800140381
21,0.9715371131896973
31,0.9862208366394043
23,0.9910666346549988
59,0.993025541305542
33,0.9924076795578003
19,0.9869705438613892
11,0.9731943011283875
10,0.9904909133911133
61,0.9747874140739441
35,0.9873374104499817
25,0.9859060049057007
23,0.9849386215209961
46,0.9898998141288757
45,0.9192894101142883
35,0.9863119721412659
39,0.9812425374984741
33,0.9943751096725464
46,0.9910321831703186
60,0.9918993711471558
51,0.9450572729110718
43,0.9920308589935303
49,0.9927392601966858
52,0.982465386390686
19,0.9879805445671082
11,0.9820864200592041
26,0.9897333979606628
26,0.9913501739501953
39,0.98501056432724
3,0.9888257384300232
0,0.9781157374382019
44,0.9910392165184021
11,0.9755824208259583
28,0.7398282289505005
10,0.989863932132721
45,0.9902014136314392
25,0.9891380667686462
42,0.9889882206916809
37,0.9847232103347778
58,0.9730468988418579
63,0.9726268649101257
43,0.9819645285606384
41,0.9320226907730103
51,0.8616204857826233
29,0.9199345111846924
5,0.9348172545433044
48,0.9819560647010803
22,0.9641703367233276
16,0.9843543767929077
16,0.9863457083702087
55,0.9902032613754272
12,0.9868573546409607
37,0.9916759729385376
38,0.8916583061218262
63,0.917462944984436
1,0.8457139730453491
35,0.984790027141571
14,0.9903906583786011
22,0.9346837401390076
62,0.985683798789978
49,0.9752181172370911
11,0.9782547950744629
10,0.9848302602767944
36,0.9923385381698608
41,0.9772182106971741
45,0.9588403105735779
7,0.9865373373031616
35,0.9833062291145325
6,0.9225001931190491
3,0.9698408246040344
33,0.9728522300720215
2,0.9622311592102051
0,0.981692910194397
55,0.990408182144165
56,0.9885528087615967
26,0.9768815636634827
8,0.9910154938697815
15,0.9869197010993958
20,0.9679811596870422
24,0.9762138724327087
60,0.9876602292060852
59,0.9941912293434143
52,0.9917974472045898
41,0.9643262028694153
15,0.9897090792655945
41,0.968845009803772
47,0.813764214515686
16,0.9912881255149841
19,0.9847837686538696
17,0.8214151859283447
48,0.5789624452590942
52,0.9879564642906189
58,0.9755786061286926
53,0.9901425838470459
3,0.9921745657920837
60,0.9755449891090393
21,0.9765051603317261
51,0.9601658582687378
39,0.978818416595459
23,0.9861871004104614
25,0.9879315495491028
28,0.9929673671722412
40,0.9896870255470276
61,0.9694240689277649
44,0.991192638874054
9,0.9943355917930603
39,0.9771636724472046
58,0.9813310503959656
33,0.9900068044662476
28,0.9927850961685181
38,0.959424614906311
12,0.9849661588668823
63,0.9852358102798462
43,0.9908007979393005
7,0.9906700849533081
7,0.9730803966522217
51,0.9681908488273621
54,0.9808620810508728
59,0.9940244555473328
29,0.9785813689231873
21,0.9779884815216064
57,0.9642574787139893
30,0.9788199067115784
9,0.9611400961875916
44,0.9908060431480408
7,0.9904031753540039
33,0.9918953776359558
16,0.9896977543830872
5,0.8947866559028625
43,0.988223135471344
6,0.9878661632537842
23,0.9912697076797485
6,0.9863470196723938
42,0.9487195014953613
28,0.9895768165588379
40,0.9871816635131836
1,0.8669834136962891
5,0.9892695546150208
24,0.9610974192619324
38,0.9341771602630615
33,0.9902370572090149
11,0.981682300567627
11,0.9810616374015808
40,0.9851633906364441
61,0.954505205154419
19,0.9778748154640198
42,0.9884571433067322
59,0.9940168857574463
53,0.986971914768219
60,0.9912317395210266
32,0.9628614783287048
59,0.9897626042366028
56,0.9932554960250854
28,0.9835646152496338
46,0.9015972018241882
19,0.9884286522865295
0,0.9767394065856934
53,0.9888632297515869
18,0.6011918783187866
55,0.9488491415977478
47,0.9754941463470459
48,0.9884910583496094
25,0.988321840763092
23,0.9907405376434326
8,0.9716508984565735
49,0.9875098466873169
23,0.9871256947517395
14,0.9937408566474915
50,0.978921115398407
29,0.9813845157623291
46,0.9778629541397095
36,0.9924997687339783
38,0.9814732670783997
31,0.9886885285377502
26,0.9931014776229858
58,0.9844499230384827
26,0.9807910919189453
25,0.9925594329833984
20,0.9758256077766418
6,0.9883086681365967
19,0.9895651340484619
30,0.9806187748908997
37,0.9866784811019897
1,0.6953851580619812
60,0.9734618663787842
48,0.9693706631660461
15,0.987713098526001
6,0.9741597175598145
33,0.9884718656539917
24,0.9863947629928589
54,0.9900391697883606
9,0.9463969469070435
47,0.9908083081245422
0,0.5657806992530823
11,0.9815674424171448
39,0.466054230928421
45,0.9887528419494629
52,0.9886751174926758
49,0.9888789653778076
47,0.9891110062599182
55,0.9930527806282043
57,0.9908610582351685
59,0.9912632703781128
52,0.9911537766456604
23,0.9890756607055664
32,0.9848136305809021
32,0.9871566891670227
54,0.9914869070053101
28,0.9916374087333679
34,0.9709488749504089
1,0.8757393956184387
55,0.9944232106208801
36,0.9903682470321655
25,0.9862563014030457
52,0.9646509885787964
11,0.9742538332939148
31,0.9881887435913086
28,0.991672694683075
62,0.9856034517288208
5,0.9844092726707458
2,0.961910605430603
13,0.9906637668609619
58,0.9820499420166016
32,0.9735271334648132
62,0.9884666204452515
53,0.993067741394043
21,0.9713020324707031
5,0.9756399393081665
58,0.8407883048057556
41,0.9416221976280212
30,0.9753085374832153
36,0.9856494069099426
23,0.5692228674888611
54,0.9878415465354919
24,0.9556906223297119
37,0.9894395470619202
38,0.9754480123519897
38,0.9376544952392578
32,0.9909582138061523
33,0.991541862487793
51,0.9753226637840271
6,0.9882984161376953
34,0.9852572083473206
37,0.9902612566947937
31,0.9877499938011169
23,0.9911825656890869
24,0.9843193888664246
33,0.9902753829956055
30,0.9809433817863464
45,0.9875384569168091
48,0.9609012007713318
20,0.958694338798523
57,0.9907252192497253
37,0.9903726577758789
18,0.8572162985801697
48,0.9791461825370789
7,0.9906803965568542
48,0.9787970781326294
62,0.9876189231872559
52,0.9905311465263367
30,0.9637018442153931
58,0.9818493723869324
56,0.9832894802093506
53,0.9937577247619629
43,0.9892424941062927
14,0.9912123084068298
21,0.9417330026626587
34,0.9764271974563599
51,0.9797394871711731
28,0.9920061230659485
41,0.971662163734436
42,0.9840988516807556
8,0.9899774789810181
38,0.9678993821144104
60,0.9925249814987183
4,0.7331901788711548
47,0.988071084022522
56,0.9915384650230408
54,0.9718350172042847
55,0.9928290247917175
34,0.9780718088150024
49,0.9920803904533386
47,0.9862799644470215
15,0.991554319858551
15,0.9917295575141907
59,0.9929488897323608
53,0.992049515247345
16,0.9806777834892273
61,0.9757134914398193
4,0.7871029376983643
47,0.9900784492492676
50,0.680413007736206
39,0.9774969220161438
56,0.9127855896949768
48,0.984017550945282
62,0.9693987965583801
54,0.9816158413887024
2,0.9648774862289429
58,0.9526261687278748
48,0.9790948033332825
51,0.8559751510620117
25,0.6572725176811218
48,0.9877660274505615
7,0.4771515130996704
57,0.993861198425293
25,0.9879677295684814
17,0.7161601185798645
45,0.9876498579978943
42,0.9457255005836487
14,0.9917920827865601
22,0.9779232740402222
48,0.9863499999046326
34,0.9854084849357605
46,0.9429212212562561
51,0.6569252014160156
53,0.9920450448989868
58,0.9728254675865173
31,0.9887651205062866
30,0.8945348858833313
15,0.912353515625
13,0.9915878176689148
55,0.9955447912216187
34,0.9910722374916077
43,0.9893550872802734
57,0.993261992931366
4,0.7727895975112915
29,0.9821290969848633
41,0.9373083710670471
24,0.9574909806251526
61,0.9835783243179321
14,0.9935117363929749
48,0.7186455726623535
18,0.96268630027771
54,0.9829573035240173
23,0.984688401222229
2,0.8133131861686707
47,0.9711350202560425
53,0.9891101121902466
45,0.9848089814186096
63,0.9878783822059631
62,0.9298156499862671
18,0.9748135805130005
45,0.9892711639404297
60,0.9922134280204773
1,0.7206711769104004
40,0.9824502468109131
37,0.9894179701805115
43,0.9887941479682922
30,0.9743700623512268
30,0.9754807949066162
60,0.983665943145752
29,0.9818817973136902
47,0.971381425857544
32,0.9923049807548523
57,0.992655873298645
22,0.9763323068618774
17,0.9540480971336365
0,0.9754074215888977
11,0.9784213304519653
49,0.9908181428909302
34,0.9870901703834534
22,0.987473726272583
47,0.9843728542327881
52,0.9865113496780396
63,0.9830104112625122
49,0.9926372766494751
52,0.9858304858207703
25,0.9765439033508301
13,0.9916648268699646
3,0.9888961315155029
27,0.9883445501327515
55,0.9950152039527893
29,0.9795573949813843
51,0.5537121891975403
56,0.9029023051261902
44,0.9897937774658203
50,0.9544016122817993
26,0.9920338988304138
34,0.9905727505683899
15,0.9882472157478333
33,0.9936874508857727
56,0.9874223470687866
33,0.9708196520805359
27,0.9794294834136963
40,0.990727424621582
46,0.9870043396949768
14,0.9536524415016174
36,0.990721583366394
7,0.9879040122032166
9,0.982395589351654
29,0.9799505472183228
9,0.9674980640411377
52,0.9910195469856262
54,0.9894891381263733
63,0.9839076995849609
27,0.991407036781311
14,0.7694107294082642
48,0.9730736613273621
27,0.984373927116394
49,0.9910535216331482
10,0.9888278245925903
16,0.9801515936851501
19,0.9897856712341309
4,0.7141560912132263
32,0.9904200434684753
42,0.9674854874610901
44,0.9870933890342712
61,0.9719597101211548
30,0.9669709205627441
62,0.9859226942062378
3,0.612875759601593
62,0.4101888835430145
4,0.787653386592865
23,0.7484298944473267
8,0.9932810664176941
30,0.9832051396369934
32,0.9925020933151245
13,0.9715936183929443
23,0.9763821959495544
57,0.9901083707809448
8,0.986620306968689
20,0.9778835773468018
29,0.9825255870819092
50,0.9252874851226807
45,0.8651570677757263
59,0.984552264213562
18,0.9414652585983276
63,0.9878624677658081
45,0.9828595519065857
0,0.7546253204345703
12,0.9745656847953796
6,0.9813786745071411
49,0.9906902313232422
60,0.991804838180542
23,0.9820235371589661
47,0.9958447813987732
8,0.9799178242683411
7,0.9762212634086609
4,0.9530954957008362
52,0.985031008720398
24,0.9879747629165649
6,0.9880358576774597
15,0.9918028712272644
54,0.9892963767051697
26,0.978696346282959
35,0.9827920794487
1,0.9357537031173706
6,0.9826931953430176
21,0.9854464530944824
46,0.9929381012916565
9,0.9809734225273132
50,0.782817542552948
15,0.9904008507728577
40,0.9903740882873535
13,0.9789741039276123
63,0.8939099311828613
34,0.989447832107544
18,0.7109102010726929
36,0.985834538936615
37,0.9812296628952026
50,0.9863253235816956
21,0.9634150266647339
42,0.9846462607383728
52,0.9546536207199097
6,0.988535463809967
29,0.9782810211181641
36,0.9919577836990356
32,0.9921342134475708
19,0.985079824924469
